mode,k,k2,omega,omega2
1,1.0,1.0,1.414216508417647,2.0000083326810008
2,2.0,4.0,2.2360796231627633,5.000052081123726
3,3.0,9.0,3.162310601702426,10.000208341639558
4,4.0,16.0,4.123178646077536,17.00060214746978
5,5.0,25.0,5.099157603236695,26.0014082626466
6,6.0,36.0,6.082996970479732,37.00285214286559
8,8.0,64.0,8.062803668304301,65.0088029936213
10,10.0,100.0,10.050933202228329,101.02125823565581
