{
  "csv": "/mnt/ironwolf/git/Void_Unity_Proofs/derivation/code/outputs/logs/collapse/20251006_175337_a6_collapse_envelope__A6-collapse-v1.csv",
  "env_max": 0.01657142857142857,
  "figure": "/mnt/ironwolf/git/Void_Unity_Proofs/derivation/code/outputs/figures/collapse/20251006_175337_a6_collapse_overlay__A6-collapse-v1.png",
  "passed": true,
  "raw_curves": [
    {
      "P": [
        0.046,
        0.06125,
        0.07325,
        0.096,
        0.113,
        0.15575,
        0.17425,
        0.22125,
        0.2695,
        0.32125,
        0.37025,
        0.43775,
        0.5145,
        0.5595,
        0.62325,
        0.66775,
        0.72475,
        0.77575,
        0.8255,
        0.8535,
        0.8755,
        0.89825,
        0.91775,
        0.944,
        0.95825
      ],
      "X": [
        -3.0,
        -2.75,
        -2.5,
        -2.25,
        -2.0,
        -1.75,
        -1.5,
        -1.2500000000000002,
        -1.0,
        -0.75,
        -0.5000000000000002,
        -0.2500000000000001,
        0.0,
        0.24999999999999978,
        0.49999999999999956,
        0.75,
        0.9999999999999998,
        1.2499999999999996,
        1.5,
        1.7499999999999998,
        1.9999999999999996,
        2.25,
        2.5,
        2.7499999999999996,
        3.0
      ],
      "delta_m_values": [
        -2.0,
        -1.8333333333333333,
        -1.6666666666666667,
        -1.5,
        -1.3333333333333335,
        -1.1666666666666667,
        -1.0,
        -0.8333333333333335,
        -0.6666666666666667,
        -0.5,
        -0.3333333333333335,
        -0.16666666666666674,
        0.0,
        0.16666666666666652,
        0.33333333333333304,
        0.5,
        0.6666666666666665,
        0.833333333333333,
        1.0,
        1.1666666666666665,
        1.333333333333333,
        1.5,
        1.6666666666666665,
        1.833333333333333,
        2.0
      ],
      "theta": 1.5,
      "trials": 4000
    },
    {
      "P": [
        0.00875,
        0.01375,
        0.01425,
        0.02175,
        0.02875,
        0.05075,
        0.073,
        0.107,
        0.16025,
        0.2285,
        0.29825,
        0.3935,
        0.5145,
        0.60075,
        0.7035,
        0.7665,
        0.84475,
        0.888,
        0.9295,
        0.94375,
        0.9615,
        0.978,
        0.982,
        0.99075,
        0.9945
      ],
      "X": [
        -5.0,
        -4.583333333333333,
        -4.166666666666667,
        -3.75,
        -3.333333333333334,
        -2.916666666666667,
        -2.5,
        -2.083333333333334,
        -1.666666666666667,
        -1.25,
        -0.8333333333333337,
        -0.41666666666666685,
        0.0,
        0.4166666666666663,
        0.8333333333333326,
        1.25,
        1.6666666666666663,
        2.0833333333333326,
        2.5,
        2.916666666666666,
        3.3333333333333326,
        3.75,
        4.166666666666666,
        4.583333333333332,
        5.0
      ],
      "delta_m_values": [
        -2.0,
        -1.8333333333333333,
        -1.6666666666666667,
        -1.5,
        -1.3333333333333335,
        -1.1666666666666667,
        -1.0,
        -0.8333333333333335,
        -0.6666666666666667,
        -0.5,
        -0.3333333333333335,
        -0.16666666666666674,
        0.0,
        0.16666666666666652,
        0.33333333333333304,
        0.5,
        0.6666666666666665,
        0.833333333333333,
        1.0,
        1.1666666666666665,
        1.333333333333333,
        1.5,
        1.6666666666666665,
        1.833333333333333,
        2.0
      ],
      "theta": 2.5,
      "trials": 4000
    },
    {
      "P": [
        0.001,
        0.0015,
        0.003,
        0.0025,
        0.00925,
        0.01725,
        0.0275,
        0.05175,
        0.0955,
        0.1535,
        0.2305,
        0.3545,
        0.5145,
        0.6415,
        0.7705,
        0.83775,
        0.91375,
        0.95125,
        0.9725,
        0.9785,
        0.9895,
        0.99425,
        0.99425,
        0.99775,
        0.9995
      ],
      "X": [
        -7.0,
        -6.416666666666666,
        -5.833333333333334,
        -5.25,
        -4.666666666666667,
        -4.083333333333334,
        -3.5,
        -2.916666666666667,
        -2.3333333333333335,
        -1.75,
        -1.1666666666666672,
        -0.5833333333333336,
        0.0,
        0.5833333333333328,
        1.1666666666666656,
        1.75,
        2.333333333333333,
        2.9166666666666656,
        3.5,
        4.083333333333333,
        4.666666666666666,
        5.25,
        5.833333333333333,
        6.416666666666666,
        7.0
      ],
      "delta_m_values": [
        -2.0,
        -1.8333333333333333,
        -1.6666666666666667,
        -1.5,
        -1.3333333333333335,
        -1.1666666666666667,
        -1.0,
        -0.8333333333333335,
        -0.6666666666666667,
        -0.5,
        -0.3333333333333335,
        -0.16666666666666674,
        0.0,
        0.16666666666666652,
        0.33333333333333304,
        0.5,
        0.6666666666666665,
        0.833333333333333,
        1.0,
        1.1666666666666665,
        1.333333333333333,
        1.5,
        1.6666666666666665,
        1.833333333333333,
        2.0
      ],
      "theta": 3.5,
      "trials": 4000
    }
  ],
  "spec": {
    "tuples": [
      {
        "delta_m_values": [
          -2.0,
          -1.8333333333333333,
          -1.6666666666666667,
          -1.5,
          -1.3333333333333335,
          -1.1666666666666667,
          -1.0,
          -0.8333333333333335,
          -0.6666666666666667,
          -0.5,
          -0.3333333333333335,
          -0.16666666666666674,
          0.0,
          0.16666666666666652,
          0.33333333333333304,
          0.5,
          0.6666666666666665,
          0.833333333333333,
          1.0,
          1.1666666666666665,
          1.333333333333333,
          1.5,
          1.6666666666666665,
          1.833333333333333,
          2.0
        ],
        "theta": 1.5,
        "trials": 4000
      },
      {
        "delta_m_values": [
          -2.0,
          -1.8333333333333333,
          -1.6666666666666667,
          -1.5,
          -1.3333333333333335,
          -1.1666666666666667,
          -1.0,
          -0.8333333333333335,
          -0.6666666666666667,
          -0.5,
          -0.3333333333333335,
          -0.16666666666666674,
          0.0,
          0.16666666666666652,
          0.33333333333333304,
          0.5,
          0.6666666666666665,
          0.833333333333333,
          1.0,
          1.1666666666666665,
          1.333333333333333,
          1.5,
          1.6666666666666665,
          1.833333333333333,
          2.0
        ],
        "theta": 2.5,
        "trials": 4000
      },
      {
        "delta_m_values": [
          -2.0,
          -1.8333333333333333,
          -1.6666666666666667,
          -1.5,
          -1.3333333333333335,
          -1.1666666666666667,
          -1.0,
          -0.8333333333333335,
          -0.6666666666666667,
          -0.5,
          -0.3333333333333335,
          -0.16666666666666674,
          0.0,
          0.16666666666666652,
          0.33333333333333304,
          0.5,
          0.6666666666666665,
          0.833333333333333,
          1.0,
          1.1666666666666665,
          1.333333333333333,
          1.5,
          1.6666666666666665,
          1.833333333333333,
          2.0
        ],
        "theta": 3.5,
        "trials": 4000
      }
    ]
  }
}