{
  "theory": "LBM\u2192NS; incompressible cavity with no-slip walls (bounce-back) + VDM \u03c9_eff (optional)",
  "params": {
    "nx": 128,
    "ny": 128,
    "tau": 1.8,
    "U_lid": 1e-05,
    "steps": 20000,
    "sample_every": 500,
    "void_enabled": true,
    "void_domain": "standard_model",
    "void_gain": 5.0,
    "auto": false
  },
  "metrics": {
    "div_max": 6.002795016025472e-07,
    "elapsed_sec": 34.25450682640076,
    "u_max": 2.000000000000001e-05,
    "u_mean": 1.9999999999999998e-05,
    "flow_gate": true,
    "Re": 0.002930769230769224,
    "Ma": 1.7320508075688774e-05,
    "nu": 0.43333333333333335,
    "Re_meas": 0.005861538461524937,
    "Ma_meas": 3.464101615137756e-05,
    "nu_final": 0.43333333333333335,
    "passed": true,
    "controller": {
      "auto": false,
      "U_lid_final": 1e-05,
      "tau_final": 1.8,
      "void_gain_final": 5.0,
      "u_clamp_final": 2e-05
    },
    "void": {
      "dW_max": 0.04190501139880145,
      "omega_min": 0.45931711157457084,
      "omega_max": 0.5555526140357077,
      "W_mean_last": 0.5516696129419145
    }
  },
  "outputs": {
    "figure": "C:\\git\\Prometheus_VDM\\Prometheus_VDM\\derivation\\code\\outputs\\figures\\fluid_dynamics\\lid_cavity_benchmark_20250821T060917Z.png"
  },
  "timestamp": "2025-08-21T06:09:53Z"
}