{
  "theory": "LBM\u2192NS; incompressible cavity with no-slip walls (bounce-back) + FUVDM \u03c9_eff (optional)",
  "params": {
    "nx": 128,
    "ny": 128,
    "tau": 1.8,
    "U_lid": 1e-05,
    "steps": 20000,
    "sample_every": 500,
    "void_enabled": true,
    "void_domain": "standard_model",
    "void_gain": 5.0
  },
  "metrics": {
    "div_max": 5.998163565884016e-07,
    "elapsed_sec": 28.97294044494629,
    "u_max": 2.000000000000001e-05,
    "u_mean": 1.9999999999999998e-05,
    "flow_gate": true,
    "Re": 0.002930769230769224,
    "Ma": 1.7320508075688774e-05,
    "nu": 0.43333333333333335,
    "passed": true,
    "void": {
      "dW_max": 0.04576086552059562,
      "omega_min": 0.45211067626956913,
      "omega_max": 0.5555547272962927,
      "W_mean_last": 0.6104744362938402
    }
  },
  "outputs": {
    "figure": "C:\\git\\Prometheus_VDM\\Prometheus_FUVDM\\derivation\\code\\outputs\\figures\\fluid_dynamics\\lid_cavity_benchmark_20250821T044043Z.png"
  },
  "timestamp": "2025-08-21T04:41:13Z"
}