{
  "theory": "LBM\u2192NS; incompressible cavity with no-slip walls (bounce-back) + VDM \u03c9_eff (optional)",
  "params": {
    "nx": 128,
    "ny": 128,
    "tau": 1.8,
    "U_lid": 1e-05,
    "steps": 12000,
    "sample_every": 500,
    "void_enabled": true,
    "void_domain": "standard_model",
    "void_gain": 5.0,
    "auto": true
  },
  "metrics": {
    "div_max": 8.659638572780118e-07,
    "elapsed_sec": 18.48694944381714,
    "u_max": 1.1547005383792519e-05,
    "u_mean": 1.1547005383792519e-05,
    "flow_gate": true,
    "Re": 0.002930769230769224,
    "Ma": 1.7320508075688774e-05,
    "nu": 0.43333333333333335,
    "Re_meas": 0.003928700289522985,
    "Ma_meas": 2.000000000000001e-05,
    "nu_final": 0.3732709485751525,
    "passed": true,
    "controller": {
      "auto": true,
      "U_lid_final": 1.5196713713031853e-07,
      "tau_final": 1.6198128457254575,
      "void_gain_final": 10.0,
      "u_clamp_final": 1.1547005383792516e-05
    },
    "void": {
      "dW_max": 0.042613341150684464,
      "omega_min": 0.38670664079341743,
      "omega_max": 0.6160533613116168,
      "W_mean_last": 0.6083871703705039
    }
  },
  "outputs": {
    "figure": "C:\\git\\Prometheus_VDM\\Prometheus_VDM\\derivation\\code\\outputs\\figures\\fluid_dynamics\\lid_cavity_benchmark_20250821T065029Z.png"
  },
  "timestamp": "2025-08-21T06:50:48Z"
}