{
  "theory": "LBM\u2192NS; incompressible cavity with no-slip walls (bounce-back) + FUVDM \u03c9_eff (optional)",
  "params": {
    "nx": 128,
    "ny": 128,
    "tau": 1.8,
    "U_lid": 1e-05,
    "steps": 3000,
    "sample_every": 200,
    "void_enabled": true,
    "void_domain": "standard_model",
    "void_gain": 5.0,
    "auto": true
  },
  "metrics": {
    "div_max": 7.358554568977224e-07,
    "div_window_max": 8.543365359517801e-07,
    "div_tail_max": 7.358554568977224e-07,
    "gate_tail_k": 10,
    "elapsed_sec": 5.230220794677734,
    "u_max": 1.154700538379252e-05,
    "u_mean": 1.1547005383792519e-05,
    "flow_gate": true,
    "Re": 0.002930769230769224,
    "Ma": 1.7320508075688774e-05,
    "nu": 0.43333333333333335,
    "Re_meas": 0.0037770583336822973,
    "Ma_meas": 2.0000000000000012e-05,
    "nu_final": 0.38825709167912015,
    "passed": true,
    "controller": {
      "auto": true,
      "U_lid_final": 1.5196713713031853e-07,
      "tau_final": 1.6647712750373604,
      "void_gain_final": 10.0,
      "u_clamp_final": 1.1547005383792516e-05
    },
    "void": {
      "dW_max": 0.04179354446340991,
      "omega_min": 0.39596069536078715,
      "omega_max": 0.5975682178118262,
      "W_mean_last": 0.6250729128002347
    }
  },
  "outputs": {
    "figure": "C:\\git\\Prometheus_VDM\\Prometheus_FUVDM\\derivation\\code\\outputs\\figures\\fluid_dynamics\\lid_cavity_benchmark_20250821T072638Z.png"
  },
  "timestamp": "2025-08-21T07:26:45Z"
}