{
  "theory": {
    "continuum": "sigma_c(k) = r - D k^2",
    "discrete": "sigma_d(m) = r - (4 D / dx^2) sin^2(pi m / N)"
  },
  "params": {
    "N": 64,
    "L": 200.0,
    "D": 1.0,
    "r": 0.25,
    "T": 1.0,
    "cfl": 0.2,
    "seed": 42,
    "amp0": 1e-06,
    "record": 1,
    "m_max": 32,
    "fit_start": 0.8,
    "fit_end": 0.95
  },
  "metrics": {
    "med_rel_err": NaN,
    "r2_array": NaN,
    "acceptance": {
      "med_rel_err_max": 0.1,
      "r2_array_min": 0.98
    },
    "passed": false
  },
  "series": {
    "m_vals": [
      0,
      1,
      2,
      3,
      4,
      5,
      6,
      7,
      8,
      9,
      10,
      11,
      12,
      13,
      14,
      15,
      16,
      17,
      18,
      19,
      20,
      21,
      22,
      23,
      24,
      25,
      26,
      27,
      28,
      29,
      30,
      31,
      32
    ],
    "k_vals": [
      0.0,
      0.031415926535897934,
      0.06283185307179587,
      0.09424777960769379,
      0.12566370614359174,
      0.15707963267948966,
      0.18849555921538758,
      0.21991148575128552,
      0.25132741228718347,
      0.2827433388230814,
      0.3141592653589793,
      0.34557519189487723,
      0.37699111843077515,
      0.4084070449666731,
      0.43982297150257105,
      0.4712388980384689,
      0.5026548245743669,
      0.5340707511102649,
      0.5654866776461628,
      0.5969026041820606,
      0.6283185307179586,
      0.6597344572538566,
      0.6911503837897545,
      0.7225663103256523,
      0.7539822368615503,
      0.7853981633974483,
      0.8168140899333463,
      0.8482300164692441,
      0.8796459430051421,
      0.9110618695410401,
      0.9424777960769378,
      0.9738937226128358,
      1.0053096491487339
    ],
    "sigma_meas": [
      NaN,
      NaN,
      NaN,
      NaN,
      NaN,
      NaN,
      NaN,
      NaN,
      NaN,
      NaN,
      NaN,
      NaN,
      NaN,
      NaN,
      NaN,
      NaN,
      NaN,
      NaN,
      NaN,
      NaN,
      NaN,
      NaN,
      NaN,
      NaN,
      NaN,
      NaN,
      NaN,
      NaN,
      NaN,
      NaN,
      NaN,
      NaN,
      NaN
    ],
    "sigma_disc": [
      0.25,
      0.2490138320224659,
      0.2460648254265816,
      0.24118138075795637,
      0.23441052825831152,
      0.22581747493854312,
      0.21548497659956128,
      0.20351254084868853,
      0.19001546878700493,
      0.1751237445967146,
      0.15898078372241453,
      0.14174205170196436,
      0.1235735669483704,
      0.1046503019017139,
      0.08515449794890306,
      0.06527391033949403,
      0.045199999999999935,
      0.025126089660505974,
      0.005245502051096973,
      -0.014250301901713835,
      -0.033173566948370425,
      -0.051342051701964375,
      -0.0685807837224145,
      -0.08472374459671461,
      -0.09961546878700495,
      -0.1131125408486886,
      -0.12508497659956136,
      -0.13541747493854311,
      -0.14401052825831157,
      -0.15078138075795644,
      -0.15566482542658155,
      -0.15861383202246593,
      -0.15960000000000002
    ],
    "sigma_cont": [
      0.25,
      0.24901303955989107,
      0.24605215823956425,
      0.24111735603901957,
      0.23420863295825703,
      0.2253259889972766,
      0.2144694241560783,
      0.20163893843466213,
      0.18683453183302812,
      0.1700562043511762,
      0.15130395598910643,
      0.13057778674681877,
      0.10787769662431326,
      0.08320368562158983,
      0.05655575373864857,
      0.027933900975489506,
      -0.002661872667887588,
      -0.035231567191482516,
      -0.0697751825952952,
      -0.10629271887932579,
      -0.1447841760435743,
      -0.18524955408804072,
      -0.2276888530127249,
      -0.2721020728176269,
      -0.31848921350274695,
      -0.3668502750680849,
      -0.41718525751364066,
      -0.4694941608394142,
      -0.5237769850454057,
      -0.5800337301316151,
      -0.638264396098042,
      -0.6984689829446872,
      -0.7606474906715504
    ],
    "r2_meas": [
      NaN,
      NaN,
      NaN,
      NaN,
      NaN,
      NaN,
      NaN,
      NaN,
      NaN,
      NaN,
      NaN,
      NaN,
      NaN,
      NaN,
      NaN,
      NaN,
      NaN,
      NaN,
      NaN,
      NaN,
      NaN,
      NaN,
      NaN,
      NaN,
      NaN,
      NaN,
      NaN,
      NaN,
      NaN,
      NaN,
      NaN,
      NaN,
      NaN
    ],
    "rel_err": [
      NaN,
      NaN,
      NaN,
      NaN,
      NaN,
      NaN,
      NaN,
      NaN,
      NaN,
      NaN,
      NaN,
      NaN,
      NaN,
      NaN,
      NaN,
      NaN,
      NaN,
      NaN,
      NaN,
      NaN,
      NaN,
      NaN,
      NaN,
      NaN,
      NaN,
      NaN,
      NaN,
      NaN,
      NaN,
      NaN,
      NaN,
      NaN,
      NaN
    ],
    "good_mask": [
      false,
      false,
      false,
      false,
      false,
      false,
      false,
      false,
      false,
      false,
      false,
      false,
      false,
      false,
      false,
      false,
      false,
      false,
      false,
      false,
      false,
      false,
      false,
      false,
      false,
      false,
      false,
      false,
      false,
      false,
      false,
      false,
      false
    ]
  },
  "outputs": {
    "figure": "C:\\git\\Prometheus_VDM\\Prometheus_FUVDM\\derivation\\code\\outputs\\figures\\reaction_diffusion\\failed_runs\\rd_dispersion_experiment_20250823T182426Z.png"
  },
  "timestamp": "2025-08-23T18:24:26Z",
  "elapsed_sec": 0.017891883850097656
}