{
  "theory": {
    "continuum": "sigma_c(k) = r - D k^2",
    "discrete": "sigma_d(m) = r - (4 D / dx^2) sin^2(pi m / N)"
  },
  "params": {
    "N": 1024,
    "L": 200.0,
    "D": 1.0,
    "r": 0.25,
    "T": 10.0,
    "cfl": 0.2,
    "seed": 42,
    "amp0": 1e-06,
    "record": 80,
    "m_max": 64,
    "fit_start": 0.1,
    "fit_end": 0.4
  },
  "metrics": {
    "med_rel_err": 0.0014471137378057539,
    "r2_array": 0.9999461356098714,
    "acceptance": {
      "med_rel_err_max": 0.1,
      "r2_array_min": 0.98
    },
    "passed": true
  },
  "series": {
    "m_vals": [
      0,
      1,
      2,
      3,
      4,
      5,
      6,
      7,
      8,
      9,
      10,
      11,
      12,
      13,
      14,
      15,
      16,
      17,
      18,
      19,
      20,
      21,
      22,
      23,
      24,
      25,
      26,
      27,
      28,
      29,
      30,
      31,
      32,
      33,
      34,
      35,
      36,
      37,
      38,
      39,
      40,
      41,
      42,
      43,
      44,
      45,
      46,
      47,
      48,
      49,
      50,
      51,
      52,
      53,
      54,
      55,
      56,
      57,
      58,
      59,
      60,
      61,
      62,
      63,
      64
    ],
    "k_vals": [
      0.0,
      0.031415926535897934,
      0.06283185307179587,
      0.09424777960769379,
      0.12566370614359174,
      0.15707963267948966,
      0.18849555921538758,
      0.21991148575128552,
      0.25132741228718347,
      0.2827433388230814,
      0.3141592653589793,
      0.34557519189487723,
      0.37699111843077515,
      0.4084070449666731,
      0.43982297150257105,
      0.4712388980384689,
      0.5026548245743669,
      0.5340707511102649,
      0.5654866776461628,
      0.5969026041820606,
      0.6283185307179586,
      0.6597344572538566,
      0.6911503837897545,
      0.7225663103256523,
      0.7539822368615503,
      0.7853981633974483,
      0.8168140899333463,
      0.8482300164692441,
      0.8796459430051421,
      0.9110618695410401,
      0.9424777960769378,
      0.9738937226128358,
      1.0053096491487339,
      1.0367255756846319,
      1.0681415022205298,
      1.0995574287564276,
      1.1309733552923256,
      1.1623892818282235,
      1.1938052083641213,
      1.2252211349000193,
      1.2566370614359172,
      1.288052987971815,
      1.3194689145077132,
      1.350884841043611,
      1.382300767579509,
      1.413716694115407,
      1.4451326206513047,
      1.4765485471872029,
      1.5079644737231006,
      1.5393804002589986,
      1.5707963267948966,
      1.6022122533307945,
      1.6336281798666925,
      1.6650441064025905,
      1.6964600329384882,
      1.7278759594743862,
      1.7592918860102842,
      1.790707812546182,
      1.8221237390820801,
      1.853539665617978,
      1.8849555921538756,
      1.9163715186897738,
      1.9477874452256716,
      1.9792033717615698,
      2.0106192982974678
    ],
    "sigma_meas": [
      0.2498808918755801,
      0.24889487281647812,
      0.24593683051461832,
      0.24100680959745008,
      0.23410488444779146,
      0.2252311592094015,
      0.2143857677948003,
      0.2015688738953379,
      0.18678067099346699,
      0.17002138237728062,
      0.1512912611572551,
      0.13059059028525893,
      0.10791968257577093,
      0.0832788807293474,
      0.05666855735832245,
      0.028089115014738014,
      -0.002459013779483179,
      -0.034975366500134254,
      -0.06945945058607886,
      -0.10591074340237944,
      -0.14432869220117725,
      -0.1847127140803437,
      -0.2270621959398939,
      -0.27137649443615347,
      -0.3176549359337092,
      -0.3658968164550948,
      -0.4161014016282647,
      -0.4682679266318049,
      -0.5223955961379256,
      -0.5784835842532025,
      -0.6365310344570955,
      -0.6965370595381863,
      -0.7585007415282411,
      -0.8224211316339733,
      -0.8882972501666014,
      -0.956128086469149,
      -1.0259125988415163,
      -1.0976497144633026,
      -1.1713383293143704,
      -1.246977308093246,
      -1.3245654841331584,
      -1.4041016593158897,
      -1.4855846039834457,
      -1.5690130568473846,
      -1.654385724895979,
      -1.7417012832991623,
      -1.8309583753109262,
      -1.9221556121700447,
      -2.0152915729980414,
      -2.1103648046953025,
      -2.2073738218340817,
      -2.306317106551959,
      -2.407193108436263,
      -2.510000244418461,
      -2.6147368986505133,
      -2.7214014223976593,
      -2.8299921339044127,
      -2.940507318298107,
      -3.052945227396525,
      -3.1673040797094605,
      -3.2835820602174284,
      -3.4017773201100256,
      -3.521887976979711,
      -3.6439121145888818,
      -3.767847782274523
    ],
    "sigma_disc": [
      0.25,
      0.24901304265643878,
      0.2460522077841413,
      0.24111760685686703,
      0.23420942565955183,
      0.22532792428131324,
      0.2144734371056583,
      0.20164637279789424,
      0.18684721428974232,
      0.17007651876115593,
      0.15133491761934276,
      0.1306231164749931,
      0.10794189511571359,
      0.08329210747666904,
      0.056674681608431865,
      0.028090619642041875,
      -0.0024590022487239183,
      -0.034973033887867766,
      -0.06945025114047548,
      -0.10588935595880433,
      -0.14428897643115324,
      -0.18464766683351502,
      -0.22696390768400654,
      -0.2712361058000775,
      -0.31746259435849133,
      -0.36564163295808105,
      -0.41577140768527454,
      -0.46785003118238644,
      -0.5218755427186773,
      -0.5778459082641731,
      -0.6357590205662453,
      -0.6956126992289489,
      -0.7574046907951115,
      -0.8211326688311753,
      -0.886794234014787,
      -0.9543869142251287,
      -1.0239081646359947,
      -1.0953553678116004,
      -1.1687258338051278,
      -1.2440168002600027,
      -1.321225432513892,
      -1.4003488237054296,
      -1.4813839948836576,
      -1.5643278951201836,
      -1.649177401624042,
      -1.7359293198592718,
      -1.8245803836651828,
      -1.9151272553793302,
      -2.007566525963168,
      -2.101894715130408,
      -2.198108271478042,
      -2.296203572620054,
      -2.3961769253237994,
      -2.4980245656490534,
      -2.6017426590897226,
      -2.7073273007182124,
      -2.81477451533244,
      -2.9240802576055054,
      -3.0352404122379917,
      -3.148250794112905,
      -3.263107148453242,
      -3.3798051509821776,
      -3.4983404080858755,
      -3.618708456978902,
      -3.7409047658722487
    ],