{
  "theory": {
    "continuum": "sigma_c(k) = r - D k^2",
    "discrete": "sigma_d(m) = r - (4 D / dx^2) sin^2(pi m / N)"
  },
  "params": {
    "N": 256,
    "L": 200.0,
    "D": 1.0,
    "r": 0.25,
    "T": 2.0,
    "cfl": 0.2,
    "seed": 42,
    "amp0": 1e-06,
    "record": 8,
    "m_max": 64,
    "fit_start": 0.8,
    "fit_end": 1.0
  },
  "metrics": {
    "med_rel_err": 0.022145031792923098,
    "r2_array": 0.9900852343156832,
    "acceptance": {
      "med_rel_err_max": 0.1,
      "r2_array_min": 0.98
    },
    "passed": true
  },
  "series": {
    "m_vals": [
      0,
      1,
      2,
      3,
      4,
      5,
      6,
      7,
      8,
      9,
      10,
      11,
      12,
      13,
      14,
      15,
      16,
      17,
      18,
      19,
      20,
      21,
      22,
      23,
      24,
      25,
      26,
      27,
      28,
      29,
      30,
      31,
      32,
      33,
      34,
      35,
      36,
      37,
      38,
      39,
      40,
      41,
      42,
      43,
      44,
      45,
      46,
      47,
      48,
      49,
      50,
      51,
      52,
      53,
      54,
      55,
      56,
      57,
      58,
      59,
      60,
      61,
      62,
      63,
      64
    ],
    "k_vals": [
      0.0,
      0.031415926535897934,
      0.06283185307179587,
      0.09424777960769379,
      0.12566370614359174,
      0.15707963267948966,
      0.18849555921538758,
      0.21991148575128552,
      0.25132741228718347,
      0.2827433388230814,
      0.3141592653589793,
      0.34557519189487723,
      0.37699111843077515,
      0.4084070449666731,
      0.43982297150257105,
      0.4712388980384689,
      0.5026548245743669,
      0.5340707511102649,
      0.5654866776461628,
      0.5969026041820606,
      0.6283185307179586,
      0.6597344572538566,
      0.6911503837897545,
      0.7225663103256523,
      0.7539822368615503,
      0.7853981633974483,
      0.8168140899333463,
      0.8482300164692441,
      0.8796459430051421,
      0.9110618695410401,
      0.9424777960769378,
      0.9738937226128358,
      1.0053096491487339,
      1.0367255756846319,
      1.0681415022205298,
      1.0995574287564276,
      1.1309733552923256,
      1.1623892818282235,
      1.1938052083641213,
      1.2252211349000193,
      1.2566370614359172,
      1.288052987971815,
      1.3194689145077132,
      1.350884841043611,
      1.382300767579509,
      1.413716694115407,
      1.4451326206513047,
      1.4765485471872029,
      1.5079644737231006,
      1.5393804002589986,
      1.5707963267948966,
      1.6022122533307945,
      1.6336281798666925,
      1.6650441064025905,
      1.6964600329384882,
      1.7278759594743862,
      1.7592918860102842,
      1.790707812546182,
      1.8221237390820801,
      1.853539665617978,
      1.8849555921538756,
      1.9163715186897738,
      1.9477874452256716,
      1.9792033717615698,
      2.0106192982974678
    ],
    "sigma_meas": [
      0.24812497651491205,
      0.24715276699040684,
      0.24423638040714682,
      0.23937654301325595,
      0.23257446614700397,
      0.2238318476239188,
      0.21315087367872101,
      0.20053422146223251,
      0.185985062093196,
      0.1695070642649216,
      0.15110439840681672,
      0.13078174140071994,
      0.1085442818516871,
      0.08439772591294965,
      0.05834830366486467,
      0.030402776046706857,
      0.0005684423411505617,
      -0.03114685179045544,
      -0.06473470572252939,
      -0.10018615473191061,
      -0.1374916603182794,
      -0.17664109998135546,
      -0.21762375645752044,
      -0.26042830641997816,
      -0.3050428086465469,
      -0.3514546916599856,
      -0.3996507408470874,
      -0.4496170850629496,
      -0.5013391827282994,
      -0.5548018074287044,
      -0.6099890330254638,
      -0.666884218289765,
      -0.7254699910724384,
      -0.785728232023708,
      -0.8476400578787691,
      -0.9111858043265418,
      -0.9763450084814647,
      -1.0430963909795714,
      -1.1114178377227617,
      -1.1812863812972285,
      -1.252678182094717,
      -1.3255685091678049,
      -1.399931720853254,
      -1.475741245200627,
      -1.5529695602460716,
      -1.6315881741752427,
      -1.7115676054222355,
      -1.7928773627551884,
      -1.8754859254034952,
      -1.9593607232851078,
      -2.044468117396834,
      -2.1307733804352,
      -2.2182406777188413,
      -2.306833048491135,
      -2.396512387680807,
      -2.487239428210931,
      -2.578973723944771,
      -2.6716736333668325,
      -2.7652963040993654,
      -2.859797658364446,
      -2.955132379500274,
      -3.051253899653461,
      -3.148114388768156,
      -3.2456647450017466,
      -3.3438545866965903
    ],
    "sigma_disc": [
      0.25,
      0.249013089103722,
      0.24605295089310888,
      0.2411213684447321,
      0.23422131235945476,
      0.22535693897305292,
      0.2145335878525943,
      0.20175777858008268,
      0.18703720682530553,
      0.17038073971025033,
      0.15179841046788176,
      0.13130141239849738,
      0.10890209212730201,
      0.08461394216726253,
      0.05845159279172249,
      0.03043080322167238,
      0.0005684521329844539,
      -0.031117472510670763,
      -0.06460788429310088,
      -0.09988260984253539,
      -0.1369204009833102,
      -0.1756989475349745,
      -0.21619489075110843,
      -0.2583838373897598,
      -0.30224037440701956,
      -0.3477380842648906,
      -0.39484956084422296,
      -0.44354642595313654,
      -0.49379934642098355,
      -0.5455780517675515,
      -0.5988513524368698,
      -0.6535871585846331,
      -0.7097524994079212,
      -0.7673135430055791,
      -0.82623561675729,
      -0.8864832282090642,
      -0.9480200864525665,
      -1.010809123985402,
      -1.0748125190391942,
      -1.1399917183620045,
      -1.2063074604413675,
      -1.2737197991539597,
      -1.342188127827651,
      -1.4116712037014438,
      -1.4821271727685705,
      -1.5535135949877856,
      -1.6257874698476513,
      -1.6989052622684497,
      -1.7728229288260735,
      -1.8474959442821501,
      -1.9228793284043735,
      -1.9989276730609125,
      -2.0755951695725776,
      -2.1528356363062535,
      -2.230602546492985,
      -2.3088490562539685,
      -2.387528032817551,
      -2.4665920829102443,
      -2.545993581304671,
      -2.6256846995072087,
      -2.7056174345680954,
      -2.78574363799661,
      -2.8660150447639157,
      -2.9463833023761206,
      -3.026800000000001
    ],