dt,AH,rel_AH
0.2514827607641438,6.782782628322187e-05,0.0034564617895734553
0.1257413803820719,1.6957649989938345e-05,0.0008618594323715735
0.06287069019103594,4.23945246603042e-06,0.0002153241751138127
0.03143534509551797,1.0601048934773608e-06,5.383441892737383e-05
0.015717672547758986,2.6502663988490355e-07,1.3458067984486366e-05
